{
  "instances": [
    {
      "age": 0.0380759064,
      "sex": 0.0506801187,
      "bmi": 0.0616962065,
      "bp": 0.0218723550,
      "s1": -0.0442234984,
      "s2": -0.0348207628,
      "s3": -0.0434008457,
      "s4": -0.0025945987,
      "s5": 0.0199084209,
      "s6": -0.0176461252
    },
    {
      "age": -0.0018820165,
      "sex": -0.0446416365,
      "bmi": -0.0514740612,
      "bp": -0.0263278347,
      "s1": -0.0084487241,
      "s2": -0.0191633397,
      "s3": 0.0744115640,
      "s4": -0.0394933829,
      "s5": -0.0683297436,
      "s6": -0.0922040496
    },
    {
      "age": 0.0852989063,
      "sex": 0.0506801187,
      "bmi": 0.0444512133,
      "bp": -0.0056671299,
      "s1": -0.0455994513,
      "s2": -0.0341944659,
      "s3": -0.0324559464,
      "s4": -0.0025945987,
      "s5": 0.0286297373,
      "s6": -0.0259303389
    }
  ]
}
